-- MySQL dump 10.13  Distrib 8.0.31, for Win64 (x86_64)
--
-- Host: localhost    Database: order2
-- ------------------------------------------------------
-- Server version	8.0.31

/*!40101 SET @OLD_CHARACTER_SET_CLIENT=@@CHARACTER_SET_CLIENT */;
/*!40101 SET @OLD_CHARACTER_SET_RESULTS=@@CHARACTER_SET_RESULTS */;
/*!40101 SET @OLD_COLLATION_CONNECTION=@@COLLATION_CONNECTION */;
/*!50503 SET NAMES utf8mb4 */;
/*!40103 SET @OLD_TIME_ZONE=@@TIME_ZONE */;
/*!40103 SET TIME_ZONE='+00:00' */;
/*!40014 SET @OLD_UNIQUE_CHECKS=@@UNIQUE_CHECKS, UNIQUE_CHECKS=0 */;
/*!40014 SET @OLD_FOREIGN_KEY_CHECKS=@@FOREIGN_KEY_CHECKS, FOREIGN_KEY_CHECKS=0 */;
/*!40101 SET @OLD_SQL_MODE=@@SQL_MODE, SQL_MODE='NO_AUTO_VALUE_ON_ZERO' */;
/*!40111 SET @OLD_SQL_NOTES=@@SQL_NOTES, SQL_NOTES=0 */;

--
-- Table structure for table `category`
--

DROP TABLE IF EXISTS `category`;
/*!40101 SET @saved_cs_client     = @@character_set_client */;
/*!50503 SET character_set_client = utf8mb4 */;
CREATE TABLE `category` (
  `id` bigint NOT NULL COMMENT '主键',
  `type` int DEFAULT NULL COMMENT '类型   1 菜品分类 2 套餐分类',
  `name` varchar(64) CHARACTER SET utf8mb3 COLLATE utf8mb3_bin NOT NULL COMMENT '分类名称',
  `sort` int NOT NULL DEFAULT '0' COMMENT '顺序',
  `create_time` datetime NOT NULL COMMENT '创建时间',
  `update_time` datetime NOT NULL COMMENT '更新时间',
  `create_user` bigint NOT NULL COMMENT '创建人',
  `update_user` bigint NOT NULL COMMENT '修改人',
  PRIMARY KEY (`id`) USING BTREE,
  UNIQUE KEY `idx_category_name` (`name`) USING BTREE
) ENGINE=InnoDB DEFAULT CHARSET=utf8mb3 COLLATE=utf8mb3_bin ROW_FORMAT=DYNAMIC COMMENT='菜品及套餐分类';
/*!40101 SET character_set_client = @saved_cs_client */;

--
-- Dumping data for table `category`
--

LOCK TABLES `category` WRITE;
/*!40000 ALTER TABLE `category` DISABLE KEYS */;
INSERT INTO `category` VALUES (1397844263642378242,1,'锅底',1,'2021-05-27 09:16:58','2022-12-22 13:13:39',1,1),(1397844391040167938,1,'肉类',3,'2021-05-27 09:17:28','2022-12-22 13:16:05',1,1),(1413341197421846529,1,'素食',11,'2021-07-09 11:36:15','2022-12-22 13:15:38',1,1),(1413384954989060097,1,'小吃',12,'2021-07-09 14:30:07','2022-12-22 13:15:45',1,1),(1605793978658349058,2,'畅享2人套餐',2,'2022-12-22 13:14:53','2022-12-22 13:14:53',1,1),(1605794231595851778,1,'饮料',16,'2022-12-22 13:15:54','2022-12-22 13:15:54',1,1),(1605797376208166913,1,'丸子',8,'2022-12-22 13:28:23','2022-12-22 13:28:23',1,1),(1605797456038354946,1,'海鲜',6,'2022-12-22 13:28:42','2022-12-22 13:28:42',1,1);
/*!40000 ALTER TABLE `category` ENABLE KEYS */;
UNLOCK TABLES;

--
-- Table structure for table `dish`
--

DROP TABLE IF EXISTS `dish`;
/*!40101 SET @saved_cs_client     = @@character_set_client */;
/*!50503 SET character_set_client = utf8mb4 */;
CREATE TABLE `dish` (
  `id` bigint NOT NULL COMMENT '主键',
  `name` varchar(64) CHARACTER SET utf8mb3 COLLATE utf8mb3_bin NOT NULL COMMENT '菜品名称',
  `category_id` bigint NOT NULL COMMENT '菜品分类id',
  `price` decimal(10,2) DEFAULT NULL COMMENT '菜品价格',
  `code` varchar(64) CHARACTER SET utf8mb3 COLLATE utf8mb3_bin NOT NULL COMMENT '商品码',
  `image` varchar(200) CHARACTER SET utf8mb3 COLLATE utf8mb3_bin NOT NULL COMMENT '图片',
  `description` varchar(400) CHARACTER SET utf8mb3 COLLATE utf8mb3_bin DEFAULT NULL COMMENT '描述信息',
  `status` int NOT NULL DEFAULT '1' COMMENT '0 停售 1 起售',
  `sort` int NOT NULL DEFAULT '0' COMMENT '顺序',
  `create_time` datetime NOT NULL COMMENT '创建时间',
  `update_time` datetime NOT NULL COMMENT '更新时间',
  `create_user` bigint NOT NULL COMMENT '创建人',
  `update_user` bigint NOT NULL COMMENT '修改人',
  `is_deleted` int NOT NULL DEFAULT '0' COMMENT '是否删除',
  PRIMARY KEY (`id`) USING BTREE,
  UNIQUE KEY `idx_dish_name` (`name`) USING BTREE
) ENGINE=InnoDB DEFAULT CHARSET=utf8mb3 COLLATE=utf8mb3_bin ROW_FORMAT=DYNAMIC COMMENT='菜品管理';
/*!40101 SET character_set_client = @saved_cs_client */;

--
-- Dumping data for table `dish`
--

LOCK TABLES `dish` WRITE;
/*!40000 ALTER TABLE `dish` DISABLE KEYS */;
INSERT INTO `dish` VALUES (1605794476757114882,'菌菇锅',1397844263642378242,5900.00,'','22e36094-a780-43c4-b731-02fdf6caa42e.jpg','',1,0,'2022-12-22 13:16:52','2022-12-22 18:44:17',1,1,0),(1605794553324134402,'番茄锅',1397844263642378242,5900.00,'','6647439d-ab2c-405d-a486-9948564acf8d.jpg','',1,0,'2022-12-22 13:17:10','2022-12-22 18:44:30',1,1,0),(1605794630641934337,'牛油锅',1397844263642378242,6800.00,'','398d4665-7de7-4fab-a5e6-f17199e27efe.jpg','',1,0,'2022-12-22 13:17:29','2022-12-22 18:44:44',1,1,0),(1605794747398774785,'菌菇番茄双拼锅',1397844263642378242,7600.00,'','7c3bfcb9-2c77-445f-8fd4-f618b7c781bb.jpg','',1,0,'2022-12-22 13:17:57','2022-12-22 18:41:46',1,1,0),(1605794884875476994,'牛油菌菇双拼锅',1397844263642378242,7900.00,'','c587667b-3df5-4754-a825-07e69c58b699.jpg','',1,0,'2022-12-22 13:18:29','2022-12-22 18:41:34',1,1,0),(1605794985215811585,'牛油番茄双拼锅',1397844263642378242,7900.00,'','c1851730-8cce-494e-bd78-6d097e63f791.jpg','',1,0,'2022-12-22 13:18:53','2022-12-22 18:41:21',1,1,0),(1605796042641793026,'猪脑',1397844391040167938,2900.00,'','b2faa669-8f78-4b94-8d76-d2fc278b4aa6.jpg','',1,0,'2022-12-22 13:23:05','2022-12-22 18:54:10',1,1,0),(1605796126611759105,'小郡肝',1397844391040167938,2600.00,'','1c1db3da-93c1-48c3-a40b-556d4a29e4f6.jpg','',1,0,'2022-12-22 13:23:25','2022-12-22 18:53:58',1,1,0),(1605796192948871170,'午餐肉',1397844391040167938,2600.00,'','08ae3467-476d-495d-bca2-502f325a22bd.jpg','',1,0,'2022-12-22 13:23:41','2022-12-22 18:53:41',1,1,0),(1605796249085435906,'乌鸡卷',1397844391040167938,2800.00,'','ba1b0416-3929-425a-bcd5-4322af3ebb10.jpg','',1,0,'2022-12-22 13:23:55','2022-12-22 18:53:24',1,1,0),(1605796316706004993,'牛蛙',1397844391040167938,3200.00,'','d0acc78a-06d7-4a0f-803c-69e88bf33466.jpg','',1,0,'2022-12-22 13:24:11','2022-12-22 18:53:12',1,1,0),(1605796395697332225,'鸭血',1397844391040167938,2600.00,'','4d76fef4-1738-43a7-9ca7-5834ed6dcbd4.jpg','',1,0,'2022-12-22 13:24:30','2022-12-22 18:52:50',1,1,0),(1605796453373206530,'毛肚',1397844391040167938,3600.00,'','cca74398-ab73-4209-bdd7-c8a666a5ea2d.jpg','',1,0,'2022-12-22 13:24:43','2022-12-22 18:52:35',1,1,0),(1605796522205929473,'雪花肥牛',1397844391040167938,3900.00,'','bd4d1fba-53a2-4612-9f8e-48024360e93b.jpg','',1,0,'2022-12-22 13:25:00','2022-12-22 18:52:23',1,1,0),(1605796643907854338,'麻辣牛肉',1397844391040167938,3900.00,'','a6641681-627d-42ab-be3f-779b91a011e5.jpg','',1,0,'2022-12-22 13:25:29','2022-12-24 21:16:13',1,1606435299244244993,0),(1605796720630063106,'羊肉卷',1397844391040167938,4900.00,'','5f80d3b2-2f72-4820-9310-0b154baf0717.jpg','',1,0,'2022-12-22 13:25:47','2022-12-22 18:51:59',1,1,0),(1605796801429135362,'精品肥牛',1397844391040167938,4900.00,'','7a3f9fac-f932-4d0c-8053-043a4ce30f5e.jpg','',1,0,'2022-12-22 13:26:06','2022-12-22 18:50:37',1,1,0),(1605798449035632641,'鹌鹑蛋',1605797376208166913,2900.00,'','41aa4b22-8397-46f6-be66-db761454811a.jpg','',1,0,'2022-12-22 13:32:39','2022-12-22 18:50:05',1,1,0),(1605798519046955010,'贡菜丸子',1605797376208166913,2600.00,'','6e2400c2-7bf5-4218-b766-56b6a0c2fc81.jpg','',1,0,'2022-12-22 13:32:56','2022-12-24 21:16:36',1,1606435299244244993,0),(1605798607383191553,'墨鱼鹅肝丸子',1605797376208166913,2900.00,'','4c5f0b8e-e561-4856-b5a5-7bea5497a54b.jpg','',1,0,'2022-12-22 13:33:17','2022-12-22 18:49:40',1,1,0),(1605798684109594625,'撒尿牛丸',1605797376208166913,2600.00,'','9fd0ae89-0860-421a-b0c0-77a9abd18cb1.jpg','',1,0,'2022-12-22 13:33:35','2022-12-22 18:49:26',1,1,0),(1605799046849781761,'虾',1605797456038354946,3900.00,'','41e7fe06-8ae7-48e5-8858-575689f4ff2f.jpg','',1,0,'2022-12-22 13:35:02','2022-12-22 18:49:00',1,1,0),(1605799132413583362,'蟹柳',1605797456038354946,2800.00,'','7130ba14-ba99-4205-bd26-fc7c57831943.jpg','',1,0,'2022-12-22 13:35:22','2022-12-22 18:48:46',1,1,0),(1605799193679781890,'虾滑',1605797456038354946,3600.00,'','5eac3d1f-c04f-404b-9c39-b1c16981077a.jpg','',1,0,'2022-12-22 13:35:37','2022-12-22 18:48:35',1,1,0),(1605799355152097282,'藕',1413341197421846529,1600.00,'','1495721b-cb7f-470c-9eb1-f3f13bf25ebf.jpg','',1,0,'2022-12-22 13:36:15','2022-12-22 18:48:19',1,1,0),(1605799415482966017,'笋尖',1413341197421846529,1600.00,'','63a6c436-8d2b-42e0-8acc-b8c00e46fd5a.jpg','',1,0,'2022-12-22 13:36:30','2022-12-22 18:48:08',1,1,0),(1605799495589978114,'海带结',1413341197421846529,1600.00,'','b66e64da-fb78-4189-8667-f5d300eea64e.jpg','',1,0,'2022-12-22 13:36:49','2022-12-22 18:47:54',1,1,0),(1605799557669871617,'冬瓜',1413341197421846529,1200.00,'','ac12a965-d4e6-4c11-bee9-1efc6f8c809f.jpg','',1,0,'2022-12-22 13:37:04','2022-12-22 18:47:43',1,1,0),(1605799623935680513,'生菜',1413341197421846529,1200.00,'','a3dd0c29-650d-4ad9-81b5-c3bbd519f8d2.jpg','',1,0,'2022-12-22 13:37:19','2022-12-24 21:15:48',1,1606435299244244993,0),(1605799697172422658,'黄豆皮',1413341197421846529,1200.00,'','910a019b-6586-4be2-8f18-2047945b2b64.jpg','',1,0,'2022-12-22 13:37:37','2022-12-22 18:47:09',1,1,0),(1605799765539577858,'山药',1413341197421846529,1600.00,'','d4ea7df0-df49-4f76-a569-d84c7c78e814.jpg','',1,0,'2022-12-22 13:37:53','2022-12-22 18:46:54',1,1,0),(1605799821474816002,'土豆',1413341197421846529,1200.00,'','2ac3e177-8fc8-4ac5-851d-7f9fffbaafa0.jpg','',1,0,'2022-12-22 13:38:06','2022-12-24 21:15:34',1,1606435299244244993,0),(1605799885630889985,'娃娃菜',1413341197421846529,1600.00,'','2e417b50-f79e-46be-aa0e-b54f9975228a.jpg','',1,0,'2022-12-22 13:38:22','2022-12-22 18:46:23',1,1,0),(1605799939515113474,'金针菇',1413341197421846529,1600.00,'','2d759ed1-f848-4301-8066-116d35f75e95.jpg','',1,0,'2022-12-22 13:38:35','2022-12-22 18:46:08',1,1,0),(1605800154213146626,'醪糟汤圆',1413384954989060097,1800.00,'','48886beb-9336-425e-bd85-1f0c28cb888f.jpg','',1,0,'2022-12-22 13:39:26','2022-12-22 18:45:47',1,1,0),(1605800226782994434,'红糖糍粑',1413384954989060097,1800.00,'','9acf6e51-2b0f-41da-8a3d-b1d73e9d285f.jpg','',1,0,'2022-12-22 13:39:43','2022-12-22 18:45:36',1,1,0),(1605800286858010625,'小酥肉',1413384954989060097,2800.00,'','425e0cfd-c006-4c19-8d27-ed1a353fc257.jpg','',1,0,'2022-12-22 13:39:57','2022-12-22 18:45:24',1,1,0),(1605800372941905922,'江小白',1605794231595851778,2200.00,'','87941a1d-51e1-490a-9b3b-458adb1b6455.jpg','',1,0,'2022-12-22 13:40:18','2022-12-22 18:45:07',1,1,0),(1605800444463177729,'珍珠奶茶',1605794231595851778,1600.00,'','014da57c-541e-4f3c-a2c6-b465af670455.jpg','',1,0,'2022-12-22 13:40:35','2022-12-22 18:43:24',1,1,0),(1605800512364765185,'满杯橙海粒',1605794231595851778,1800.00,'','05c5bc41-46f1-4ae2-af40-ec9d30f1bedf.jpg','',1,0,'2022-12-22 13:40:51','2022-12-22 18:43:35',1,1,0),(1605800729784901633,'蜜桃乌龙',1605794231595851778,1800.00,'','0e03f011-68ba-4b8e-88c8-3bc253adbf47.jpg','',1,0,'2022-12-22 13:41:43','2022-12-25 09:45:21',1,1,0),(1605800934789898241,'啤酒',1605794231595851778,2200.00,'','514b8382-7ed4-4d03-9acd-fbb168ac2d88.jpg','',1,0,'2022-12-22 13:42:32','2022-12-22 18:43:12',1,1,0),(1605801007972114433,'可乐',1605794231595851778,500.00,'','37e1cf90-99d8-47bb-8734-abdaf8e2d6b4.jpg','',1,0,'2022-12-22 13:42:49','2022-12-22 18:43:01',1,1,0),(1605801074405695489,'酸梅汁',1605794231595851778,1800.00,'','ba26a79e-7d31-44d8-941b-d98214ec2e36.jpg','',1,0,'2022-12-22 13:43:05','2022-12-22 18:42:51',1,1,0),(1605801129409798145,'西瓜汁',1605794231595851778,1800.00,'','d224329a-f03a-44a2-b020-7c9b96851523.jpg','',1,0,'2022-12-22 13:43:18','2022-12-22 18:42:36',1,1,0),(1605801194954186754,'柠檬水',1605794231595851778,1800.00,'','d25ce876-0244-4c2d-b013-129abd1271a4.jpg','',1,0,'2022-12-22 13:43:34','2022-12-22 18:42:22',1,1,0);
/*!40000 ALTER TABLE `dish` ENABLE KEYS */;
UNLOCK TABLES;

--
-- Table structure for table `dish_flavor`
--

DROP TABLE IF EXISTS `dish_flavor`;
/*!40101 SET @saved_cs_client     = @@character_set_client */;
/*!50503 SET character_set_client = utf8mb4 */;
CREATE TABLE `dish_flavor` (
  `id` bigint NOT NULL COMMENT '主键',
  `dish_id` bigint NOT NULL COMMENT '菜品',
  `name` varchar(64) CHARACTER SET utf8mb3 COLLATE utf8mb3_bin NOT NULL COMMENT '口味名称',
  `value` varchar(500) CHARACTER SET utf8mb3 COLLATE utf8mb3_bin DEFAULT NULL COMMENT '口味数据list',
  `create_time` datetime NOT NULL COMMENT '创建时间',
  `update_time` datetime NOT NULL COMMENT '更新时间',
  `create_user` bigint NOT NULL COMMENT '创建人',
  `update_user` bigint NOT NULL COMMENT '修改人',
  `is_deleted` int NOT NULL DEFAULT '0' COMMENT '是否删除',
  PRIMARY KEY (`id`) USING BTREE
) ENGINE=InnoDB DEFAULT CHARSET=utf8mb3 COLLATE=utf8mb3_bin ROW_FORMAT=DYNAMIC COMMENT='菜品口味关系表';
/*!40101 SET character_set_client = @saved_cs_client */;

--
-- Dumping data for table `dish_flavor`
--

LOCK TABLES `dish_flavor` WRITE;
/*!40000 ALTER TABLE `dish_flavor` DISABLE KEYS */;
INSERT INTO `dish_flavor` VALUES (1397849417888346113,1397849417854791681,'辣度','[\"不辣\",\"微辣\",\"中辣\",\"重辣\"]','2021-05-27 09:37:27','2021-05-27 09:37:27',1,1,0),(1397849739297861633,1397849739276890114,'忌口','[\"不要葱\",\"不要蒜\",\"不要香菜\",\"不要辣\"]','2021-05-27 09:38:43','2021-05-27 09:38:43',1,1,0),(1397849739323027458,1397849739276890114,'辣度','[\"不辣\",\"微辣\",\"中辣\",\"重辣\"]','2021-05-27 09:38:43','2021-05-27 09:38:43',1,1,0),(1397849936421761025,1397849936404983809,'忌口','[\"不要葱\",\"不要蒜\",\"不要香菜\",\"不要辣\"]','2021-05-27 09:39:30','2021-05-27 09:39:30',1,1,0),(1397849936438538241,1397849936404983809,'辣度','[\"不辣\",\"微辣\",\"中辣\",\"重辣\"]','2021-05-27 09:39:30','2021-05-27 09:39:30',1,1,0),(1397850141015715841,1397850140982161409,'忌口','[\"不要葱\",\"不要蒜\",\"不要香菜\",\"不要辣\"]','2021-05-27 09:40:19','2021-05-27 09:40:19',1,1,0),(1397850141040881665,1397850140982161409,'辣度','[\"不辣\",\"微辣\",\"中辣\",\"重辣\"]','2021-05-27 09:40:19','2021-05-27 09:40:19',1,1,0),(1397850392120307713,1397850392090947585,'辣度','[\"不辣\",\"微辣\",\"中辣\",\"重辣\"]','2021-05-27 09:41:19','2021-05-27 09:41:19',1,1,0),(1397850392137084929,1397850392090947585,'辣度','[\"不辣\",\"微辣\",\"中辣\",\"重辣\"]','2021-05-27 09:41:19','2021-05-27 09:41:19',1,1,0),(1397850630734262274,1397850630700707841,'忌口','[\"不要葱\",\"不要蒜\",\"不要香菜\",\"不要辣\"]','2021-05-27 09:42:16','2021-05-27 09:42:16',1,1,0),(1397850630755233794,1397850630700707841,'辣度','[\"微辣\",\"中辣\",\"重辣\"]','2021-05-27 09:42:16','2021-05-27 09:42:16',1,1,0),(1397850851274960898,1397850851245600769,'忌口','[\"不要蒜\",\"不要香菜\",\"不要辣\"]','2021-05-27 09:43:08','2021-05-27 09:43:08',1,1,0),(1397850851283349505,1397850851245600769,'辣度','[\"不辣\",\"微辣\",\"中辣\",\"重辣\"]','2021-05-27 09:43:08','2021-05-27 09:43:08',1,1,0),(1397851099523231745,1397851099502260226,'忌口','[\"不要葱\",\"不要蒜\",\"不要香菜\",\"不要辣\"]','2021-05-27 09:44:08','2021-05-27 09:44:08',1,1,0),(1397851099527426050,1397851099502260226,'辣度','[\"不辣\",\"微辣\",\"中辣\"]','2021-05-27 09:44:08','2021-05-27 09:44:08',1,1,0),(1397851370483658754,1397851370462687234,'温度','[\"热饮\",\"常温\",\"去冰\",\"少冰\",\"多冰\"]','2021-05-27 09:45:12','2021-05-27 09:45:12',1,1,0),(1397851370483658755,1397851370462687234,'忌口','[\"不要葱\",\"不要蒜\",\"不要香菜\",\"不要辣\"]','2021-05-27 09:45:12','2021-05-27 09:45:12',1,1,0),(1397851370483658756,1397851370462687234,'辣度','[\"不辣\",\"微辣\",\"中辣\",\"重辣\"]','2021-05-27 09:45:12','2021-05-27 09:45:12',1,1,0),(1397851668283437058,1397851668262465537,'温度','[\"热饮\",\"常温\",\"去冰\",\"少冰\",\"多冰\"]','2021-05-27 09:46:23','2021-05-27 09:46:23',1,1,0),(1397852391180120065,1397852391150759938,'忌口','[\"不要葱\",\"不要香菜\",\"不要辣\"]','2021-05-27 09:49:16','2021-05-27 09:49:16',1,1,0),(1397852391196897281,1397852391150759938,'辣度','[\"不辣\",\"微辣\",\"重辣\"]','2021-05-27 09:49:16','2021-05-27 09:49:16',1,1,0),(1397853183307984898,1397853183287013378,'辣度','[\"不辣\",\"微辣\",\"中辣\",\"重辣\"]','2021-05-27 09:52:24','2021-05-27 09:52:24',1,1,0),(1397853423486414850,1397853423461249026,'辣度','[\"不辣\",\"微辣\",\"中辣\",\"重辣\"]','2021-05-27 09:53:22','2021-05-27 09:53:22',1,1,0),(1397853709126905857,1397853709101740034,'忌口','[\"不要葱\",\"不要蒜\",\"不要香菜\",\"不要辣\"]','2021-05-27 09:54:30','2021-05-27 09:54:30',1,1,0),(1397853890283089922,1397853890262118402,'辣度','[\"不辣\",\"微辣\",\"中辣\",\"重辣\"]','2021-05-27 09:55:13','2021-05-27 09:55:13',1,1,0),(1397854133632413697,1397854133603053569,'温度','[\"热饮\",\"常温\",\"去冰\",\"少冰\",\"多冰\"]','2021-05-27 09:56:11','2021-05-27 09:56:11',1,1,0),(1397854652623007745,1397854652581064706,'忌口','[\"不要葱\",\"不要蒜\",\"不要香菜\",\"不要辣\"]','2021-05-27 09:58:15','2021-05-27 09:58:15',1,1,0),(1397854652635590658,1397854652581064706,'辣度','[\"不辣\",\"微辣\",\"中辣\",\"重辣\"]','2021-05-27 09:58:15','2021-05-27 09:58:15',1,1,0),(1397854865735593986,1397854865672679425,'辣度','[\"不辣\",\"微辣\",\"中辣\",\"重辣\"]','2021-05-27 09:59:06','2021-05-27 09:59:06',1,1,0),(1397855742303186946,1397855742273826817,'辣度','[\"不辣\",\"微辣\",\"中辣\",\"重辣\"]','2021-05-27 10:02:35','2021-05-27 10:02:35',1,1,0),(1397855906497605633,1397855906468245506,'忌口','[\"不要葱\",\"不要蒜\",\"不要香菜\",\"不要辣\"]','2021-05-27 10:03:14','2021-05-27 10:03:14',1,1,0),(1397856190573621250,1397856190540066818,'辣度','[\"不辣\",\"微辣\",\"中辣\",\"重辣\"]','2021-05-27 10:04:21','2021-05-27 10:04:21',1,1,0),(1397859056709316609,1397859056684150785,'辣度','[\"不辣\",\"微辣\",\"中辣\",\"重辣\"]','2021-05-27 10:15:45','2021-05-27 10:15:45',1,1,0),(1397859277837217794,1397859277812051969,'辣度','[\"不辣\",\"微辣\",\"中辣\",\"重辣\"]','2021-05-27 10:16:37','2021-05-27 10:16:37',1,1,0),(1397859487502086146,1397859487476920321,'辣度','[\"不辣\",\"微辣\",\"中辣\",\"重辣\"]','2021-05-27 10:17:27','2021-05-27 10:17:27',1,1,0),(1397859757061615618,1397859757036449794,'甜味','[\"无糖\",\"少糖\",\"半躺\",\"多糖\",\"全糖\"]','2021-05-27 10:18:32','2021-05-27 10:18:32',1,1,0),(1397860242086735874,1397860242057375745,'辣度','[\"不辣\",\"微辣\",\"中辣\",\"重辣\"]','2021-05-27 10:20:27','2021-05-27 10:20:27',1,1,0),(1397860963918065665,1397860963880316929,'辣度','[\"不辣\",\"微辣\",\"中辣\",\"重辣\"]','2021-05-27 10:23:19','2021-05-27 10:23:19',1,1,0),(1397861135754506242,1397861135733534722,'甜味','[\"无糖\",\"少糖\",\"半躺\",\"多糖\",\"全糖\"]','2021-05-27 10:24:00','2021-05-27 10:24:00',1,1,0),(1397861370035744769,1397861370010578945,'辣度','[\"不辣\",\"微辣\",\"中辣\",\"重辣\"]','2021-05-27 10:24:56','2021-05-27 10:24:56',1,1,0),(1397861683459305474,1397861683434139649,'忌口','[\"不要葱\",\"不要蒜\",\"不要香菜\",\"不要辣\"]','2021-05-27 10:26:11','2021-05-27 10:26:11',1,1,0),(1397861898467717121,1397861898438356993,'忌口','[\"不要葱\",\"不要蒜\",\"不要香菜\",\"不要辣\"]','2021-05-27 10:27:02','2021-05-27 10:27:02',1,1,0),(1397862198054268929,1397862198033297410,'忌口','[\"不要葱\",\"不要蒜\",\"不要香菜\",\"不要辣\"]','2021-05-27 10:28:14','2021-05-27 10:28:14',1,1,0),(1397862477835317250,1397862477831122945,'辣度','[\"不辣\",\"微辣\",\"中辣\"]','2021-05-27 10:29:20','2021-05-27 10:29:20',1,1,0),(1398089545865015297,1398089545676271617,'温度','[\"热饮\",\"常温\",\"去冰\",\"少冰\",\"多冰\"]','2021-05-28 01:31:38','2021-05-28 01:31:38',1,1,0),(1398089782323097601,1398089782285348866,'辣度','[\"不辣\",\"微辣\",\"中辣\",\"重辣\"]','2021-05-28 01:32:34','2021-05-28 01:32:34',1,1,0),(1398090003262255106,1398090003228700673,'忌口','[\"不要葱\",\"不要蒜\",\"不要香菜\",\"不要辣\"]','2021-05-28 01:33:27','2021-05-28 01:33:27',1,1,0),(1398090264554811394,1398090264517062657,'忌口','[\"不要葱\",\"不要蒜\",\"不要香菜\",\"不要辣\"]','2021-05-28 01:34:29','2021-05-28 01:34:29',1,1,0),(1398090455399837698,1398090455324340225,'辣度','[\"不辣\",\"微辣\",\"中辣\",\"重辣\"]','2021-05-28 01:35:14','2021-05-28 01:35:14',1,1,0),(1398090685449023490,1398090685419663362,'温度','[\"热饮\",\"常温\",\"去冰\",\"少冰\",\"多冰\"]','2021-05-28 01:36:09','2021-05-28 01:36:09',1,1,0),(1398090825358422017,1398090825329061889,'忌口','[\"不要葱\",\"不要蒜\",\"不要香菜\",\"不要辣\"]','2021-05-28 01:36:43','2021-05-28 01:36:43',1,1,0),(1398091007051476993,1398091007017922561,'辣度','[\"不辣\",\"微辣\",\"中辣\",\"重辣\"]','2021-05-28 01:37:26','2021-05-28 01:37:26',1,1,0),(1398091296164851713,1398091296131297281,'辣度','[\"不辣\",\"微辣\",\"中辣\",\"重辣\"]','2021-05-28 01:38:35','2021-05-28 01:38:35',1,1,0),(1398091546531246081,1398091546480914433,'忌口','[\"不要葱\",\"不要蒜\",\"不要香菜\",\"不要辣\"]','2021-05-28 01:39:35','2021-05-28 01:39:35',1,1,0),(1398091729809747969,1398091729788776450,'辣度','[\"不辣\",\"微辣\",\"中辣\",\"重辣\"]','2021-05-28 01:40:18','2021-05-28 01:40:18',1,1,0),(1398091889499484161,1398091889449152513,'辣度','[\"不辣\",\"微辣\",\"中辣\",\"重辣\"]','2021-05-28 01:40:56','2021-05-28 01:40:56',1,1,0),(1398092095179763713,1398092095142014978,'辣度','[\"不辣\",\"微辣\",\"中辣\",\"重辣\"]','2021-05-28 01:41:45','2021-05-28 01:41:45',1,1,0),(1398092283877306370,1398092283847946241,'辣度','[\"不辣\",\"微辣\",\"中辣\",\"重辣\"]','2021-05-28 01:42:30','2021-05-28 01:42:30',1,1,0),(1398094018939236354,1398094018893099009,'辣度','[\"不辣\",\"微辣\",\"中辣\",\"重辣\"]','2021-05-28 01:49:24','2021-05-28 01:49:24',1,1,0),(1398094391494094850,1398094391456346113,'辣度','[\"不辣\",\"微辣\",\"中辣\",\"重辣\"]','2021-05-28 01:50:53','2021-05-28 01:50:53',1,1,0),(1399574026165727233,1399305325713600514,'辣度','[\"不辣\",\"微辣\",\"中辣\",\"重辣\"]','2021-06-01 03:50:25','2021-06-01 03:50:25',1399309715396669441,1399309715396669441,0),(1413389540592263169,1413384757047271425,'温度','[\"常温\",\"冷藏\"]','2021-07-12 09:09:16','2021-07-12 09:09:16',1,1,0),(1413389684020682754,1413342036832100354,'温度','[\"常温\",\"冷藏\"]','2021-07-09 15:12:18','2021-07-09 15:12:18',1,1,0),(1605800729784901634,1605800729784901633,'甜味','[\"无糖\",\"少糖\",\"半糖\",\"多糖\",\"全糖\"]','2022-12-25 09:45:21','2022-12-25 09:45:21',1,1,0),(1605800729784901635,1605800729784901633,'温度','[\"热饮\",\"常温\",\"去冰\",\"少冰\",\"多冰\"]','2022-12-25 09:45:21','2022-12-25 09:45:21',1,1,0),(1605800786605137921,1605800512364765185,'甜味','[\"无糖\",\"少糖\",\"半糖\",\"多糖\",\"全糖\"]','2022-12-24 11:22:26','2022-12-24 11:22:26',1,1,0),(1605800786605137922,1605800512364765185,'温度','[\"热饮\",\"常温\",\"去冰\",\"少冰\",\"多冰\"]','2022-12-24 11:22:26','2022-12-24 11:22:26',1,1,0),(1605800839851827201,1605800444463177729,'甜味','[\"无糖\",\"少糖\",\"半糖\",\"多糖\",\"全糖\"]','2022-12-24 11:22:06','2022-12-24 11:22:06',1,1,0),(1605800839851827202,1605800444463177729,'温度','[\"热饮\",\"常温\",\"去冰\",\"少冰\",\"多冰\"]','2022-12-24 11:22:06','2022-12-24 11:22:06',1,1,0),(1605802463701786626,1605794985215811585,'辣度','[\"不辣\",\"微辣\",\"中辣\",\"重辣\"]','2022-12-24 11:19:23','2022-12-24 11:19:23',1,1,0),(1605802820226015233,1605794884875476994,'辣度','[\"不辣\",\"微辣\",\"中辣\",\"重辣\"]','2022-12-24 11:20:23','2022-12-24 11:20:23',1,1,0);
/*!40000 ALTER TABLE `dish_flavor` ENABLE KEYS */;
UNLOCK TABLES;

--
-- Table structure for table `employee`
--

DROP TABLE IF EXISTS `employee`;
/*!40101 SET @saved_cs_client     = @@character_set_client */;
/*!50503 SET character_set_client = utf8mb4 */;
CREATE TABLE `employee` (
  `id` bigint NOT NULL COMMENT '主键',
  `name` varchar(32) CHARACTER SET utf8mb3 COLLATE utf8mb3_bin NOT NULL COMMENT '姓名',
  `username` varchar(32) CHARACTER SET utf8mb3 COLLATE utf8mb3_bin NOT NULL COMMENT '用户名',
  `password` varchar(64) CHARACTER SET utf8mb3 COLLATE utf8mb3_bin NOT NULL COMMENT '密码',
  `phone` varchar(11) CHARACTER SET utf8mb3 COLLATE utf8mb3_bin NOT NULL COMMENT '手机号',
  `sex` varchar(2) CHARACTER SET utf8mb3 COLLATE utf8mb3_bin NOT NULL COMMENT '性别',
  `id_number` varchar(18) CHARACTER SET utf8mb3 COLLATE utf8mb3_bin NOT NULL COMMENT '身份证号',
  `status` int NOT NULL DEFAULT '1' COMMENT '状态 0:禁用，1:正常',
  `create_time` datetime NOT NULL COMMENT '创建时间',
  `update_time` datetime NOT NULL COMMENT '更新时间',
  `create_user` bigint NOT NULL COMMENT '创建人',
  `update_user` bigint NOT NULL COMMENT '修改人',
  PRIMARY KEY (`id`) USING BTREE,
  UNIQUE KEY `idx_username` (`username`) USING BTREE
) ENGINE=InnoDB DEFAULT CHARSET=utf8mb3 COLLATE=utf8mb3_bin ROW_FORMAT=DYNAMIC COMMENT='员工信息';
/*!40101 SET character_set_client = @saved_cs_client */;

--
-- Dumping data for table `employee`
--

LOCK TABLES `employee` WRITE;
/*!40000 ALTER TABLE `employee` DISABLE KEYS */;
INSERT INTO `employee` VALUES (1,'管理员','admin','e10adc3949ba59abbe56e057f20f883e','13812312312','1','110101199001010047',1,'2021-05-06 17:20:07','2021-05-10 02:24:09',1,1),(1606953823670767617,'张三','zhangsan','123456','18234567890','1','123456789098765432',1,'2022-12-25 18:03:42','2022-12-25 18:03:42',1,1);
/*!40000 ALTER TABLE `employee` ENABLE KEYS */;
UNLOCK TABLES;

--
-- Table structure for table `order_detail`
--

DROP TABLE IF EXISTS `order_detail`;
/*!40101 SET @saved_cs_client     = @@character_set_client */;
/*!50503 SET character_set_client = utf8mb4 */;
CREATE TABLE `order_detail` (
  `id` bigint NOT NULL COMMENT '主键',
  `name` varchar(50) CHARACTER SET utf8mb3 COLLATE utf8mb3_bin DEFAULT NULL COMMENT '名字',
  `image` varchar(100) CHARACTER SET utf8mb3 COLLATE utf8mb3_bin DEFAULT NULL COMMENT '图片',
  `order_id` bigint NOT NULL COMMENT '订单id',
  `dish_id` bigint DEFAULT NULL COMMENT '菜品id',
  `setmeal_id` bigint DEFAULT NULL COMMENT '套餐id',
  `dish_flavor` varchar(50) CHARACTER SET utf8mb3 COLLATE utf8mb3_bin DEFAULT NULL COMMENT '口味',
  `number` int NOT NULL DEFAULT '1' COMMENT '数量',
  `amount` decimal(10,2) NOT NULL COMMENT '金额',
  PRIMARY KEY (`id`) USING BTREE
) ENGINE=InnoDB DEFAULT CHARSET=utf8mb3 COLLATE=utf8mb3_bin ROW_FORMAT=DYNAMIC COMMENT='订单明细表';
/*!40101 SET character_set_client = @saved_cs_client */;

--
-- Dumping data for table `order_detail`
--

LOCK TABLES `order_detail` WRITE;
/*!40000 ALTER TABLE `order_detail` DISABLE KEYS */;
INSERT INTO `order_detail` VALUES (1606660081021775873,'畅享2人套餐','6c4dbafb-743f-48cf-87da-6e2a7c2d425e.jpg',1606660080958861314,NULL,1605801571443302402,NULL,1,229.00),(1606660314938109955,'番茄锅','6647439d-ab2c-405d-a486-9948564acf8d.jpg',1606660314938109954,1605794553324134402,NULL,NULL,1,59.00),(1606660315001024514,'蟹柳','7130ba14-ba99-4205-bd26-fc7c57831943.jpg',1606660314938109954,1605799132413583362,NULL,NULL,1,28.00),(1606660315001024515,'虾','41e7fe06-8ae7-48e5-8858-575689f4ff2f.jpg',1606660314938109954,1605799046849781761,NULL,NULL,1,39.00),(1606660315001024516,'虾滑','5eac3d1f-c04f-404b-9c39-b1c16981077a.jpg',1606660314938109954,1605799193679781890,NULL,NULL,1,36.00),(1606660315001024517,'鹌鹑蛋','41aa4b22-8397-46f6-be66-db761454811a.jpg',1606660314938109954,1605798449035632641,NULL,NULL,1,29.00),(1606660315001024518,'撒尿牛丸','9fd0ae89-0860-421a-b0c0-77a9abd18cb1.jpg',1606660314938109954,1605798684109594625,NULL,NULL,1,26.00),(1606660315001024519,'红糖糍粑','9acf6e51-2b0f-41da-8a3d-b1d73e9d285f.jpg',1606660314938109954,1605800226782994434,NULL,NULL,1,18.00),(1606660315001024520,'醪糟汤圆','48886beb-9336-425e-bd85-1f0c28cb888f.jpg',1606660314938109954,1605800154213146626,NULL,NULL,1,18.00),(1606660571331719170,'番茄锅','6647439d-ab2c-405d-a486-9948564acf8d.jpg',1606660571264610305,1605794553324134402,NULL,NULL,1,59.00),(1606660571331719171,'麻辣牛肉','a6641681-627d-42ab-be3f-779b91a011e5.jpg',1606660571264610305,1605796643907854338,NULL,NULL,1,39.00),(1606660571331719172,'猪脑','b2faa669-8f78-4b94-8d76-d2fc278b4aa6.jpg',1606660571264610305,1605796042641793026,NULL,NULL,1,29.00),(1606660571331719173,'蟹柳','7130ba14-ba99-4205-bd26-fc7c57831943.jpg',1606660571264610305,1605799132413583362,NULL,NULL,1,28.00),(1606660571331719174,'鹌鹑蛋','41aa4b22-8397-46f6-be66-db761454811a.jpg',1606660571264610305,1605798449035632641,NULL,NULL,1,29.00),(1606660571331719175,'墨鱼鹅肝丸子','4c5f0b8e-e561-4856-b5a5-7bea5497a54b.jpg',1606660571264610305,1605798607383191553,NULL,NULL,1,29.00),(1606660571331719176,'红糖糍粑','9acf6e51-2b0f-41da-8a3d-b1d73e9d285f.jpg',1606660571264610305,1605800226782994434,NULL,NULL,1,18.00),(1606660571331719177,'小酥肉','425e0cfd-c006-4c19-8d27-ed1a353fc257.jpg',1606660571264610305,1605800286858010625,NULL,NULL,1,28.00),(1606820683396567042,'牛油锅','398d4665-7de7-4fab-a5e6-f17199e27efe.jpg',1606820683333652481,1605794630641934337,NULL,NULL,1,68.00),(1606820683396567043,'畅享2人套餐','6c4dbafb-743f-48cf-87da-6e2a7c2d425e.jpg',1606820683333652481,NULL,1605801571443302402,NULL,1,229.00),(1606820683396567044,'蟹柳','7130ba14-ba99-4205-bd26-fc7c57831943.jpg',1606820683333652481,1605799132413583362,NULL,NULL,1,28.00),(1606820683396567045,'鹌鹑蛋','41aa4b22-8397-46f6-be66-db761454811a.jpg',1606820683333652481,1605798449035632641,NULL,NULL,1,29.00),(1606820683396567046,'满杯橙海粒','05c5bc41-46f1-4ae2-af40-ec9d30f1bedf.jpg',1606820683333652481,1605800512364765185,NULL,'少糖,去冰',2,18.00),(1606830616942944258,'牛油锅','398d4665-7de7-4fab-a5e6-f17199e27efe.jpg',1606830616875835393,1605794630641934337,NULL,NULL,1,68.00),(1606830616942944259,'麻辣牛肉','a6641681-627d-42ab-be3f-779b91a011e5.jpg',1606830616875835393,1605796643907854338,NULL,NULL,1,39.00),(1606830616942944260,'小郡肝','1c1db3da-93c1-48c3-a40b-556d4a29e4f6.jpg',1606830616875835393,1605796126611759105,NULL,NULL,1,26.00),(1606830616942944261,'鹌鹑蛋','41aa4b22-8397-46f6-be66-db761454811a.jpg',1606830616875835393,1605798449035632641,NULL,NULL,1,29.00),(1606830616942944262,'墨鱼鹅肝丸子','4c5f0b8e-e561-4856-b5a5-7bea5497a54b.jpg',1606830616875835393,1605798607383191553,NULL,NULL,1,29.00),(1606830616942944263,'藕','1495721b-cb7f-470c-9eb1-f3f13bf25ebf.jpg',1606830616875835393,1605799355152097282,NULL,NULL,1,16.00),(1606830616942944264,'土豆','2ac3e177-8fc8-4ac5-851d-7f9fffbaafa0.jpg',1606830616875835393,1605799821474816002,NULL,NULL,1,12.00),(1606830616942944265,'冬瓜','ac12a965-d4e6-4c11-bee9-1efc6f8c809f.jpg',1606830616875835393,1605799557669871617,NULL,NULL,1,12.00),(1606830616942944266,'娃娃菜','2e417b50-f79e-46be-aa0e-b54f9975228a.jpg',1606830616875835393,1605799885630889985,NULL,NULL,1,16.00),(1606830616942944267,'金针菇','2d759ed1-f848-4301-8066-116d35f75e95.jpg',1606830616875835393,1605799939515113474,NULL,NULL,1,16.00),(1606830616942944268,'醪糟汤圆','48886beb-9336-425e-bd85-1f0c28cb888f.jpg',1606830616875835393,1605800154213146626,NULL,NULL,1,18.00),(1606830616942944269,'红糖糍粑','9acf6e51-2b0f-41da-8a3d-b1d73e9d285f.jpg',1606830616875835393,1605800226782994434,NULL,NULL,1,18.00),(1606830616942944270,'蜜桃乌龙','0e03f011-68ba-4b8e-88c8-3bc253adbf47.jpg',1606830616875835393,1605800729784901633,NULL,'少糖,去冰',2,18.00),(1606833817796612097,'畅享2人套餐','6c4dbafb-743f-48cf-87da-6e2a7c2d425e.jpg',1606833817729503233,NULL,1605801571443302402,NULL,1,229.00);
/*!40000 ALTER TABLE `order_detail` ENABLE KEYS */;
UNLOCK TABLES;

--
-- Table structure for table `orders`
--

DROP TABLE IF EXISTS `orders`;
/*!40101 SET @saved_cs_client     = @@character_set_client */;
/*!50503 SET character_set_client = utf8mb4 */;
CREATE TABLE `orders` (
  `table_no` int(10) unsigned zerofill NOT NULL,
  `id` bigint NOT NULL COMMENT '主键',
  `number` varchar(50) CHARACTER SET utf8mb3 COLLATE utf8mb3_bin DEFAULT NULL COMMENT '订单号',
  `status` int NOT NULL DEFAULT '1' COMMENT '订单状态 1待付款，2待派送，3已派送，4已完成，5已取消',
  `user_id` bigint NOT NULL COMMENT '下单用户',
  `order_time` datetime NOT NULL COMMENT '下单时间',
  `checkout_time` datetime NOT NULL COMMENT '结账时间',
  `pay_method` int NOT NULL DEFAULT '1' COMMENT '支付方式 1微信,2支付宝',
  `amount` decimal(10,2) NOT NULL COMMENT '实收金额',
  `remark` varchar(100) CHARACTER SET utf8mb3 COLLATE utf8mb3_bin DEFAULT NULL COMMENT '备注',
  `phone` varchar(255) COLLATE utf8mb3_bin NOT NULL,
  PRIMARY KEY (`id`) USING BTREE
) ENGINE=InnoDB DEFAULT CHARSET=utf8mb3 COLLATE=utf8mb3_bin ROW_FORMAT=DYNAMIC COMMENT='订单表';
/*!40101 SET character_set_client = @saved_cs_client */;

--
-- Dumping data for table `orders`
--

LOCK TABLES `orders` WRITE;
/*!40000 ALTER TABLE `orders` DISABLE KEYS */;
INSERT INTO `orders` VALUES (0000000005,1606660080958861314,'1606660080958861314',4,1606660041570152450,'2022-12-24 22:36:28','2022-12-24 22:36:28',1,229.00,'','13123456754'),(0000000003,1606660314938109954,'1606660314938109954',4,1606660041570152450,'2022-12-24 22:37:24','2022-12-24 22:37:24',1,253.00,'','13123456754'),(0000000026,1606660571264610305,'1606660571264610305',4,1606435299244244993,'2022-12-24 22:38:25','2022-12-24 22:38:25',1,259.00,'','13123456789'),(0000000008,1606820683333652481,'1606820683333652481',4,1606816987581448194,'2022-12-25 09:14:39','2022-12-25 09:14:39',1,390.00,'','18123456789'),(0000000007,1606830616875835393,'1606830616875835393',4,1606830313472466946,'2022-12-25 09:54:07','2022-12-25 09:54:07',1,335.00,'','18888888886'),(0000000008,1606833817729503233,'1606833817729503233',4,1606830313472466946,'2022-12-25 10:06:50','2022-12-25 10:06:50',1,229.00,'','18888888886');
/*!40000 ALTER TABLE `orders` ENABLE KEYS */;
UNLOCK TABLES;

--
-- Table structure for table `setmeal`
--

DROP TABLE IF EXISTS `setmeal`;
/*!40101 SET @saved_cs_client     = @@character_set_client */;
/*!50503 SET character_set_client = utf8mb4 */;
CREATE TABLE `setmeal` (
  `id` bigint NOT NULL COMMENT '主键',
  `category_id` bigint NOT NULL COMMENT '菜品分类id',
  `name` varchar(64) CHARACTER SET utf8mb3 COLLATE utf8mb3_bin NOT NULL COMMENT '套餐名称',
  `price` decimal(10,2) NOT NULL COMMENT '套餐价格',
  `status` int DEFAULT NULL COMMENT '状态 0:停用 1:启用',
  `code` varchar(32) CHARACTER SET utf8mb3 COLLATE utf8mb3_bin DEFAULT NULL COMMENT '编码',
  `description` varchar(512) CHARACTER SET utf8mb3 COLLATE utf8mb3_bin DEFAULT NULL COMMENT '描述信息',
  `image` varchar(255) CHARACTER SET utf8mb3 COLLATE utf8mb3_bin DEFAULT NULL COMMENT '图片',
  `create_time` datetime NOT NULL COMMENT '创建时间',
  `update_time` datetime NOT NULL COMMENT '更新时间',
  `create_user` bigint NOT NULL COMMENT '创建人',
  `update_user` bigint NOT NULL COMMENT '修改人',
  `is_deleted` int NOT NULL DEFAULT '0' COMMENT '是否删除',
  PRIMARY KEY (`id`) USING BTREE,
  UNIQUE KEY `idx_setmeal_name` (`name`) USING BTREE
) ENGINE=InnoDB DEFAULT CHARSET=utf8mb3 COLLATE=utf8mb3_bin ROW_FORMAT=DYNAMIC COMMENT='套餐';
/*!40101 SET character_set_client = @saved_cs_client */;

--
-- Dumping data for table `setmeal`
--

LOCK TABLES `setmeal` WRITE;
/*!40000 ALTER TABLE `setmeal` DISABLE KEYS */;
INSERT INTO `setmeal` VALUES (1605801571443302402,1605793978658349058,'畅享2人套餐',22900.00,1,'','','6c4dbafb-743f-48cf-87da-6e2a7c2d425e.jpg','2022-12-22 13:45:04','2022-12-25 09:44:30',1,1,0);
/*!40000 ALTER TABLE `setmeal` ENABLE KEYS */;
UNLOCK TABLES;

--
-- Table structure for table `setmeal_dish`
--

DROP TABLE IF EXISTS `setmeal_dish`;
/*!40101 SET @saved_cs_client     = @@character_set_client */;
/*!50503 SET character_set_client = utf8mb4 */;
CREATE TABLE `setmeal_dish` (
  `id` bigint NOT NULL COMMENT '主键',
  `setmeal_id` varchar(32) CHARACTER SET utf8mb3 COLLATE utf8mb3_bin NOT NULL COMMENT '套餐id ',
  `dish_id` varchar(32) CHARACTER SET utf8mb3 COLLATE utf8mb3_bin NOT NULL COMMENT '菜品id',
  `name` varchar(32) CHARACTER SET utf8mb3 COLLATE utf8mb3_bin DEFAULT NULL COMMENT '菜品名称 （冗余字段）',
  `price` decimal(10,2) DEFAULT NULL COMMENT '菜品原价（冗余字段）',
  `copies` int NOT NULL COMMENT '份数',
  `sort` int NOT NULL DEFAULT '0' COMMENT '排序',
  `create_time` datetime NOT NULL COMMENT '创建时间',
  `update_time` datetime NOT NULL COMMENT '更新时间',
  `create_user` bigint NOT NULL COMMENT '创建人',
  `update_user` bigint NOT NULL COMMENT '修改人',
  `is_deleted` int NOT NULL DEFAULT '0' COMMENT '是否删除',
  PRIMARY KEY (`id`) USING BTREE
) ENGINE=InnoDB DEFAULT CHARSET=utf8mb3 COLLATE=utf8mb3_bin ROW_FORMAT=DYNAMIC COMMENT='套餐菜品关系';
/*!40101 SET character_set_client = @saved_cs_client */;

--
-- Dumping data for table `setmeal_dish`
--

LOCK TABLES `setmeal_dish` WRITE;
/*!40000 ALTER TABLE `setmeal_dish` DISABLE KEYS */;
INSERT INTO `setmeal_dish` VALUES (1606828197324464129,'1605801571443302402','1605794985215811585','牛油番茄双拼锅',7900.00,1,0,'2022-12-25 09:44:30','2022-12-25 09:44:30',1,1,0),(1606828197324464130,'1605801571443302402','1605796801429135362','精品肥牛',4900.00,1,0,'2022-12-25 09:44:30','2022-12-25 09:44:30',1,1,0),(1606828197324464131,'1605801571443302402','1605796720630063106','羊肉卷',4900.00,1,0,'2022-12-25 09:44:30','2022-12-25 09:44:30',1,1,0),(1606828197366407170,'1605801571443302402','1605796395697332225','鸭血',2600.00,1,0,'2022-12-25 09:44:30','2022-12-25 09:44:30',1,1,0),(1606828197366407171,'1605801571443302402','1605799193679781890','虾滑',3600.00,1,0,'2022-12-25 09:44:30','2022-12-25 09:44:30',1,1,0),(1606828197366407172,'1605801571443302402','1605798449035632641','鹌鹑蛋',2900.00,1,0,'2022-12-25 09:44:30','2022-12-25 09:44:30',1,1,0),(1606828197366407173,'1605801571443302402','1605799821474816002','土豆',1200.00,1,0,'2022-12-25 09:44:30','2022-12-25 09:44:30',1,1,0),(1606828197366407174,'1605801571443302402','1605799557669871617','冬瓜',1200.00,1,0,'2022-12-25 09:44:30','2022-12-25 09:44:30',1,1,0),(1606828197366407175,'1605801571443302402','1605799939515113474','金针菇',1600.00,1,0,'2022-12-25 09:44:30','2022-12-25 09:44:30',1,1,0);
/*!40000 ALTER TABLE `setmeal_dish` ENABLE KEYS */;
UNLOCK TABLES;

--
-- Table structure for table `shopping_cart`
--

DROP TABLE IF EXISTS `shopping_cart`;
/*!40101 SET @saved_cs_client     = @@character_set_client */;
/*!50503 SET character_set_client = utf8mb4 */;
CREATE TABLE `shopping_cart` (
  `id` bigint NOT NULL COMMENT '主键',
  `name` varchar(50) CHARACTER SET utf8mb3 COLLATE utf8mb3_bin DEFAULT NULL COMMENT '名称',
  `image` varchar(100) CHARACTER SET utf8mb3 COLLATE utf8mb3_bin DEFAULT NULL COMMENT '图片',
  `user_id` bigint NOT NULL COMMENT '主键',
  `dish_id` bigint DEFAULT NULL COMMENT '菜品id',
  `setmeal_id` bigint DEFAULT NULL COMMENT '套餐id',
  `dish_flavor` varchar(50) CHARACTER SET utf8mb3 COLLATE utf8mb3_bin DEFAULT NULL COMMENT '口味',
  `number` int NOT NULL DEFAULT '1' COMMENT '数量',
  `amount` decimal(10,2) NOT NULL COMMENT '金额',
  `create_time` datetime DEFAULT NULL COMMENT '创建时间',
  PRIMARY KEY (`id`) USING BTREE
) ENGINE=InnoDB DEFAULT CHARSET=utf8mb3 COLLATE=utf8mb3_bin ROW_FORMAT=DYNAMIC COMMENT='购物车';
/*!40101 SET character_set_client = @saved_cs_client */;

--
-- Dumping data for table `shopping_cart`
--

LOCK TABLES `shopping_cart` WRITE;
/*!40000 ALTER TABLE `shopping_cart` DISABLE KEYS */;
INSERT INTO `shopping_cart` VALUES (1606250655132205058,'畅享2人套餐','689b4e34-fc29-4661-bc20-ddada30d876a.jpg',1606250583753539585,NULL,1605801571443302402,NULL,1,229.00,'2022-12-23 19:29:34'),(1606257857750392834,'畅享2人套餐','689b4e34-fc29-4661-bc20-ddada30d876a.jpg',1606257840931233794,NULL,1605801571443302402,NULL,1,229.00,'2022-12-23 19:58:11'),(1606658563619115009,'牛油锅','398d4665-7de7-4fab-a5e6-f17199e27efe.jpg',1,1605794630641934337,NULL,NULL,2,68.00,'2022-12-24 22:30:26'),(1606658573572198401,'麻辣牛肉','a6641681-627d-42ab-be3f-779b91a011e5.jpg',1,1605796643907854338,NULL,NULL,1,39.00,'2022-12-24 22:30:29'),(1606658583542059010,'蟹柳','7130ba14-ba99-4205-bd26-fc7c57831943.jpg',1,1605799132413583362,NULL,NULL,1,28.00,'2022-12-24 22:30:31'),(1606658595734900738,'红糖糍粑','9acf6e51-2b0f-41da-8a3d-b1d73e9d285f.jpg',1,1605800226782994434,NULL,NULL,1,18.00,'2022-12-24 22:30:34'),(1606817055319457794,'精品肥牛','7a3f9fac-f932-4d0c-8053-043a4ce30f5e.jpg',1,1605796801429135362,NULL,NULL,1,49.00,'2022-12-25 09:00:14'),(1606817074734891009,'娃娃菜','2e417b50-f79e-46be-aa0e-b54f9975228a.jpg',1,1605799885630889985,NULL,NULL,1,16.00,'2022-12-25 09:00:18'),(1606817082284638210,'黄豆皮','910a019b-6586-4be2-8f18-2047945b2b64.jpg',1,1605799697172422658,NULL,NULL,1,12.00,'2022-12-25 09:00:20'),(1606817114433978370,'酸梅汁','ba26a79e-7d31-44d8-941b-d98214ec2e36.jpg',1,1605801074405695489,NULL,NULL,1,18.00,'2022-12-25 09:00:28'),(1606833927620268034,'牛油锅','398d4665-7de7-4fab-a5e6-f17199e27efe.jpg',1606830313472466946,1605794630641934337,NULL,NULL,1,68.00,'2022-12-25 10:07:17'),(1606833927620268035,'麻辣牛肉','a6641681-627d-42ab-be3f-779b91a011e5.jpg',1606830313472466946,1605796643907854338,NULL,NULL,1,39.00,'2022-12-25 10:07:17'),(1606833927620268036,'小郡肝','1c1db3da-93c1-48c3-a40b-556d4a29e4f6.jpg',1606830313472466946,1605796126611759105,NULL,NULL,1,26.00,'2022-12-25 10:07:17'),(1606833927620268037,'鹌鹑蛋','41aa4b22-8397-46f6-be66-db761454811a.jpg',1606830313472466946,1605798449035632641,NULL,NULL,1,29.00,'2022-12-25 10:07:17'),(1606833927620268038,'墨鱼鹅肝丸子','4c5f0b8e-e561-4856-b5a5-7bea5497a54b.jpg',1606830313472466946,1605798607383191553,NULL,NULL,1,29.00,'2022-12-25 10:07:17'),(1606833927620268039,'藕','1495721b-cb7f-470c-9eb1-f3f13bf25ebf.jpg',1606830313472466946,1605799355152097282,NULL,NULL,1,16.00,'2022-12-25 10:07:17'),(1606833927620268040,'土豆','2ac3e177-8fc8-4ac5-851d-7f9fffbaafa0.jpg',1606830313472466946,1605799821474816002,NULL,NULL,1,12.00,'2022-12-25 10:07:17'),(1606833927620268041,'冬瓜','ac12a965-d4e6-4c11-bee9-1efc6f8c809f.jpg',1606830313472466946,1605799557669871617,NULL,NULL,1,12.00,'2022-12-25 10:07:17'),(1606833927620268042,'娃娃菜','2e417b50-f79e-46be-aa0e-b54f9975228a.jpg',1606830313472466946,1605799885630889985,NULL,NULL,1,16.00,'2022-12-25 10:07:17'),(1606833927620268043,'金针菇','2d759ed1-f848-4301-8066-116d35f75e95.jpg',1606830313472466946,1605799939515113474,NULL,NULL,1,16.00,'2022-12-25 10:07:17'),(1606833927620268044,'醪糟汤圆','48886beb-9336-425e-bd85-1f0c28cb888f.jpg',1606830313472466946,1605800154213146626,NULL,NULL,1,18.00,'2022-12-25 10:07:17'),(1606833927620268045,'红糖糍粑','9acf6e51-2b0f-41da-8a3d-b1d73e9d285f.jpg',1606830313472466946,1605800226782994434,NULL,NULL,1,18.00,'2022-12-25 10:07:17'),(1606833927620268046,'蜜桃乌龙','0e03f011-68ba-4b8e-88c8-3bc253adbf47.jpg',1606830313472466946,1605800729784901633,NULL,'少糖,去冰',2,18.00,'2022-12-25 10:07:17');
/*!40000 ALTER TABLE `shopping_cart` ENABLE KEYS */;
UNLOCK TABLES;

--
-- Table structure for table `user`
--

DROP TABLE IF EXISTS `user`;
/*!40101 SET @saved_cs_client     = @@character_set_client */;
/*!50503 SET character_set_client = utf8mb4 */;
CREATE TABLE `user` (
  `id` bigint NOT NULL COMMENT '主键',
  `name` varchar(50) CHARACTER SET utf8mb3 COLLATE utf8mb3_bin DEFAULT NULL COMMENT '姓名',
  `phone` varchar(100) CHARACTER SET utf8mb3 COLLATE utf8mb3_bin NOT NULL COMMENT '手机号',
  `sex` varchar(2) CHARACTER SET utf8mb3 COLLATE utf8mb3_bin DEFAULT NULL COMMENT '性别',
  `id_number` varchar(18) CHARACTER SET utf8mb3 COLLATE utf8mb3_bin DEFAULT NULL COMMENT '身份证号',
  `avatar` varchar(500) CHARACTER SET utf8mb3 COLLATE utf8mb3_bin DEFAULT NULL COMMENT '头像',
  `status` int DEFAULT '0' COMMENT '状态 0:禁用，1:正常',
  PRIMARY KEY (`id`) USING BTREE
) ENGINE=InnoDB DEFAULT CHARSET=utf8mb3 COLLATE=utf8mb3_bin ROW_FORMAT=DYNAMIC COMMENT='用户信息';
/*!40101 SET character_set_client = @saved_cs_client */;

--
-- Dumping data for table `user`
--

LOCK TABLES `user` WRITE;
/*!40000 ALTER TABLE `user` DISABLE KEYS */;
INSERT INTO `user` VALUES (1605795539925098497,NULL,'15707938251',NULL,NULL,NULL,1),(1606250583753539585,NULL,'15708938251',NULL,NULL,NULL,1),(1606257840931233794,NULL,'15707938121',NULL,NULL,NULL,1),(1606435299244244993,NULL,'13123456789',NULL,NULL,NULL,1),(1606660041570152450,NULL,'13123456754',NULL,NULL,NULL,1),(1606816987581448194,NULL,'18123456789',NULL,NULL,NULL,1),(1606830313472466946,NULL,'18888888886',NULL,NULL,NULL,1);
/*!40000 ALTER TABLE `user` ENABLE KEYS */;
UNLOCK TABLES;
/*!40103 SET TIME_ZONE=@OLD_TIME_ZONE */;

/*!40101 SET SQL_MODE=@OLD_SQL_MODE */;
/*!40014 SET FOREIGN_KEY_CHECKS=@OLD_FOREIGN_KEY_CHECKS */;
/*!40014 SET UNIQUE_CHECKS=@OLD_UNIQUE_CHECKS */;
/*!40101 SET CHARACTER_SET_CLIENT=@OLD_CHARACTER_SET_CLIENT */;
/*!40101 SET CHARACTER_SET_RESULTS=@OLD_CHARACTER_SET_RESULTS */;
/*!40101 SET COLLATION_CONNECTION=@OLD_COLLATION_CONNECTION */;
/*!40111 SET SQL_NOTES=@OLD_SQL_NOTES */;

-- Dump completed on 2022-12-25 18:51:08
